amount,date,category,tags,title,type
6919.72,2025-06-01,Household,reset,Reset,Income
8500.00,2025-06-06T00:00:00.000Z,Household,"monthly, bills",Rent,Expense
8500.00,2025-07-06T00:00:00.000Z,Household,"monthly, bills",Rent,Expense
8500.00,2025-08-06T00:00:00.000Z,Household,"monthly, bills",Rent,Expense
8500.00,2025-09-06T00:00:00.000Z,Household,"monthly, bills",Rent,Expense
8500.00,2025-10-06T00:00:00.000Z,Household,"monthly, bills",Rent,Expense
8500.00,2025-11-06T00:00:00.000Z,Household,"monthly, bills",Rent,Expense
8500.00,2025-12-06T00:00:00.000Z,Household,"monthly, bills",Rent,Expense
8500.00,2026-01-06T00:00:00.000Z,Household,"monthly, bills",Rent,Expense
8500.00,2026-02-06T00:00:00.000Z,Household,"monthly, bills",Rent,Expense
8500.00,2026-03-06T00:00:00.000Z,Household,"monthly, bills",Rent,Expense
8500.00,2026-04-06T00:00:00.000Z,Household,"monthly, bills",Rent,Expense
8500.00,2026-05-06T00:00:00.000Z,Household,"monthly, bills",Rent,Expense
8500.00,2026-06-06T00:00:00.000Z,Household,"monthly, bills",Rent,Expense
8500.00,2026-07-06T00:00:00.000Z,Household,"monthly, bills",Rent,Expense
8500.00,2026-08-06T00:00:00.000Z,Household,"monthly, bills",Rent,Expense
8500.00,2026-09-06T00:00:00.000Z,Household,"monthly, bills",Rent,Expense
8500.00,2026-10-06T00:00:00.000Z,Household,"monthly, bills",Rent,Expense
8500.00,2026-11-06T00:00:00.000Z,Household,"monthly, bills",Rent,Expense
8500.00,2026-12-06T00:00:00.000Z,Household,"monthly, bills",Rent,Expense
8500.00,2027-01-06T00:00:00.000Z,Household,"monthly, bills",Rent,Expense
8500.00,2027-02-06T00:00:00.000Z,Household,"monthly, bills",Rent,Expense
8500.00,2027-03-06T00:00:00.000Z,Household,"monthly, bills",Rent,Expense
8500.00,2027-04-06T00:00:00.000Z,Household,"monthly, bills",Rent,Expense
8500.00,2027-05-06T00:00:00.000Z,Household,"monthly, bills",Rent,Expense
8500.00,2027-06-06T00:00:00.000Z,Household,"monthly, bills",Rent,Expense
8500.00,2027-07-06T00:00:00.000Z,Household,"monthly, bills",Rent,Expense
8500.00,2027-08-06T00:00:00.000Z,Household,"monthly, bills",Rent,Expense
8500.00,2027-09-06T00:00:00.000Z,Household,"monthly, bills",Rent,Expense
8500.00,2027-10-06T00:00:00.000Z,Household,"monthly, bills",Rent,Expense
8500.00,2027-11-06T00:00:00.000Z,Household,"monthly, bills",Rent,Expense
8500.00,2027-12-06T00:00:00.000Z,Household,"monthly, bills",Rent,Expense
4000.00,2025-06-06T00:00:00.000Z,Household,"monthly, bills",Electricity,Expense
4000.00,2025-07-06T00:00:00.000Z,Household,"monthly, bills",Electricity,Expense
4000.00,2025-08-06T00:00:00.000Z,Household,"monthly, bills",Electricity,Expense
4000.00,2025-09-06T00:00:00.000Z,Household,"monthly, bills",Electricity,Expense
4000.00,2025-10-06T00:00:00.000Z,Household,"monthly, bills",Electricity,Expense
4000.00,2025-11-06T00:00:00.000Z,Household,"monthly, bills",Electricity,Expense
4000.00,2025-12-06T00:00:00.000Z,Household,"monthly, bills",Electricity,Expense
4000.00,2026-01-06T00:00:00.000Z,Household,"monthly, bills",Electricity,Expense
4000.00,2026-02-06T00:00:00.000Z,Household,"monthly, bills",Electricity,Expense
4000.00,2026-03-06T00:00:00.000Z,Household,"monthly, bills",Electricity,Expense
4000.00,2026-04-06T00:00:00.000Z,Household,"monthly, bills",Electricity,Expense
4000.00,2026-05-06T00:00:00.000Z,Household,"monthly, bills",Electricity,Expense
4000.00,2026-06-06T00:00:00.000Z,Household,"monthly, bills",Electricity,Expense
4000.00,2026-07-06T00:00:00.000Z,Household,"monthly, bills",Electricity,Expense
4000.00,2026-08-06T00:00:00.000Z,Household,"monthly, bills",Electricity,Expense
4000.00,2026-09-06T00:00:00.000Z,Household,"monthly, bills",Electricity,Expense
4000.00,2026-10-06T00:00:00.000Z,Household,"monthly, bills",Electricity,Expense
4000.00,2026-11-06T00:00:00.000Z,Household,"monthly, bills",Electricity,Expense
4000.00,2026-12-06T00:00:00.000Z,Household,"monthly, bills",Electricity,Expense
4000.00,2027-01-06T00:00:00.000Z,Household,"monthly, bills",Electricity,Expense
4000.00,2027-02-06T00:00:00.000Z,Household,"monthly, bills",Electricity,Expense
4000.00,2027-03-06T00:00:00.000Z,Household,"monthly, bills",Electricity,Expense
4000.00,2027-04-06T00:00:00.000Z,Household,"monthly, bills",Electricity,Expense
4000.00,2027-05-06T00:00:00.000Z,Household,"monthly, bills",Electricity,Expense
4000.00,2027-06-06T00:00:00.000Z,Household,"monthly, bills",Electricity,Expense
4000.00,2027-07-06T00:00:00.000Z,Household,"monthly, bills",Electricity,Expense
4000.00,2027-08-06T00:00:00.000Z,Household,"monthly, bills",Electricity,Expense
4000.00,2027-09-06T00:00:00.000Z,Household,"monthly, bills",Electricity,Expense
4000.00,2027-10-06T00:00:00.000Z,Household,"monthly, bills",Electricity,Expense
4000.00,2027-11-06T00:00:00.000Z,Household,"monthly, bills",Electricity,Expense
4000.00,2027-12-06T00:00:00.000Z,Household,"monthly, bills",Electricity,Expense
1500.00,2025-06-07T00:00:00.000Z,Household,"monthly, bills",Grocery Monthly,Expense
1500.00,2025-07-05T00:00:00.000Z,Household,"monthly, bills",Grocery Monthly,Expense
1500.00,2025-08-02T00:00:00.000Z,Household,"monthly, bills",Grocery Monthly,Expense
1500.00,2025-09-06T00:00:00.000Z,Household,"monthly, bills",Grocery Monthly,Expense
1500.00,2025-10-04T00:00:00.000Z,Household,"monthly, bills",Grocery Monthly,Expense
1500.00,2025-11-01T00:00:00.000Z,Household,"monthly, bills",Grocery Monthly,Expense
1500.00,2025-12-06T00:00:00.000Z,Household,"monthly, bills",Grocery Monthly,Expense
1500.00,2026-01-03T00:00:00.000Z,Household,"monthly, bills",Grocery Monthly,Expense
1500.00,2026-02-07T00:00:00.000Z,Household,"monthly, bills",Grocery Monthly,Expense
1500.00,2026-03-07T00:00:00.000Z,Household,"monthly, bills",Grocery Monthly,Expense
1500.00,2026-04-04T00:00:00.000Z,Household,"monthly, bills",Grocery Monthly,Expense
1500.00,2026-05-02T00:00:00.000Z,Household,"monthly, bills",Grocery Monthly,Expense
1500.00,2026-06-06T00:00:00.000Z,Household,"monthly, bills",Grocery Monthly,Expense
1500.00,2026-07-04T00:00:00.000Z,Household,"monthly, bills",Grocery Monthly,Expense
1500.00,2026-08-01T00:00:00.000Z,Household,"monthly, bills",Grocery Monthly,Expense
1500.00,2026-09-05T00:00:00.000Z,Household,"monthly, bills",Grocery Monthly,Expense
1500.00,2026-10-03T00:00:00.000Z,Household,"monthly, bills",Grocery Monthly,Expense
1500.00,2026-11-07T00:00:00.000Z,Household,"monthly, bills",Grocery Monthly,Expense
1500.00,2026-12-05T00:00:00.000Z,Household,"monthly, bills",Grocery Monthly,Expense
1500.00,2027-01-02T00:00:00.000Z,Household,"monthly, bills",Grocery Monthly,Expense
1500.00,2027-02-06T00:00:00.000Z,Household,"monthly, bills",Grocery Monthly,Expense
1500.00,2027-03-06T00:00:00.000Z,Household,"monthly, bills",Grocery Monthly,Expense
1500.00,2027-04-03T00:00:00.000Z,Household,"monthly, bills",Grocery Monthly,Expense
1500.00,2027-05-01T00:00:00.000Z,Household,"monthly, bills",Grocery Monthly,Expense
1500.00,2027-06-05T00:00:00.000Z,Household,"monthly, bills",Grocery Monthly,Expense
1500.00,2027-07-03T00:00:00.000Z,Household,"monthly, bills",Grocery Monthly,Expense
1500.00,2027-08-07T00:00:00.000Z,Household,"monthly, bills",Grocery Monthly,Expense
1500.00,2027-09-04T00:00:00.000Z,Household,"monthly, bills",Grocery Monthly,Expense
1500.00,2027-10-02T00:00:00.000Z,Household,"monthly, bills",Grocery Monthly,Expense
1500.00,2027-11-06T00:00:00.000Z,Household,"monthly, bills",Grocery Monthly,Expense
1500.00,2027-12-04T00:00:00.000Z,Household,"monthly, bills",Grocery Monthly,Expense
750.00,2025-06-06T00:00:00.000Z,Household,"monthly, bills",WiFi,Expense
750.00,2025-07-06T00:00:00.000Z,Household,"monthly, bills",WiFi,Expense
750.00,2025-08-06T00:00:00.000Z,Household,"monthly, bills",WiFi,Expense
750.00,2025-09-06T00:00:00.000Z,Household,"monthly, bills",WiFi,Expense
750.00,2025-10-06T00:00:00.000Z,Household,"monthly, bills",WiFi,Expense
750.00,2025-11-06T00:00:00.000Z,Household,"monthly, bills",WiFi,Expense
750.00,2025-12-06T00:00:00.000Z,Household,"monthly, bills",WiFi,Expense
750.00,2026-01-06T00:00:00.000Z,Household,"monthly, bills",WiFi,Expense
750.00,2026-02-06T00:00:00.000Z,Household,"monthly, bills",WiFi,Expense
750.00,2026-03-06T00:00:00.000Z,Household,"monthly, bills",WiFi,Expense
750.00,2026-04-06T00:00:00.000Z,Household,"monthly, bills",WiFi,Expense
750.00,2026-05-06T00:00:00.000Z,Household,"monthly, bills",WiFi,Expense
750.00,2026-06-06T00:00:00.000Z,Household,"monthly, bills",WiFi,Expense
750.00,2026-07-06T00:00:00.000Z,Household,"monthly, bills",WiFi,Expense
750.00,2026-08-06T00:00:00.000Z,Household,"monthly, bills",WiFi,Expense
750.00,2026-09-06T00:00:00.000Z,Household,"monthly, bills",WiFi,Expense
750.00,2026-10-06T00:00:00.000Z,Household,"monthly, bills",WiFi,Expense
750.00,2026-11-06T00:00:00.000Z,Household,"monthly, bills",WiFi,Expense
750.00,2026-12-06T00:00:00.000Z,Household,"monthly, bills",WiFi,Expense
750.00,2027-01-06T00:00:00.000Z,Household,"monthly, bills",WiFi,Expense
750.00,2027-02-06T00:00:00.000Z,Household,"monthly, bills",WiFi,Expense
750.00,2027-03-06T00:00:00.000Z,Household,"monthly, bills",WiFi,Expense
750.00,2027-04-06T00:00:00.000Z,Household,"monthly, bills",WiFi,Expense
750.00,2027-05-06T00:00:00.000Z,Household,"monthly, bills",WiFi,Expense
750.00,2027-06-06T00:00:00.000Z,Household,"monthly, bills",WiFi,Expense
750.00,2027-07-06T00:00:00.000Z,Household,"monthly, bills",WiFi,Expense
750.00,2027-08-06T00:00:00.000Z,Household,"monthly, bills",WiFi,Expense
750.00,2027-09-06T00:00:00.000Z,Household,"monthly, bills",WiFi,Expense
750.00,2027-10-06T00:00:00.000Z,Household,"monthly, bills",WiFi,Expense
750.00,2027-11-06T00:00:00.000Z,Household,"monthly, bills",WiFi,Expense
750.00,2027-12-06T00:00:00.000Z,Household,"monthly, bills",WiFi,Expense
500.00,2025-06-06T00:00:00.000Z,Household,"monthly, bills",Gas,Expense
500.00,2025-07-06T00:00:00.000Z,Household,"monthly, bills",Gas,Expense
500.00,2025-08-06T00:00:00.000Z,Household,"monthly, bills",Gas,Expense
500.00,2025-09-06T00:00:00.000Z,Household,"monthly, bills",Gas,Expense
500.00,2025-10-06T00:00:00.000Z,Household,"monthly, bills",Gas,Expense
500.00,2025-11-06T00:00:00.000Z,Household,"monthly, bills",Gas,Expense
500.00,2025-12-06T00:00:00.000Z,Household,"monthly, bills",Gas,Expense
500.00,2026-01-06T00:00:00.000Z,Household,"monthly, bills",Gas,Expense
500.00,2026-02-06T00:00:00.000Z,Household,"monthly, bills",Gas,Expense
500.00,2026-03-06T00:00:00.000Z,Household,"monthly, bills",Gas,Expense
500.00,2026-04-06T00:00:00.000Z,Household,"monthly, bills",Gas,Expense
500.00,2026-05-06T00:00:00.000Z,Household,"monthly, bills",Gas,Expense
500.00,2026-06-06T00:00:00.000Z,Household,"monthly, bills",Gas,Expense
500.00,2026-07-06T00:00:00.000Z,Household,"monthly, bills",Gas,Expense
500.00,2026-08-06T00:00:00.000Z,Household,"monthly, bills",Gas,Expense
500.00,2026-09-06T00:00:00.000Z,Household,"monthly, bills",Gas,Expense
500.00,2026-10-06T00:00:00.000Z,Household,"monthly, bills",Gas,Expense
500.00,2026-11-06T00:00:00.000Z,Household,"monthly, bills",Gas,Expense
500.00,2026-12-06T00:00:00.000Z,Household,"monthly, bills",Gas,Expense
500.00,2027-01-06T00:00:00.000Z,Household,"monthly, bills",Gas,Expense
500.00,2027-02-06T00:00:00.000Z,Household,"monthly, bills",Gas,Expense
500.00,2027-03-06T00:00:00.000Z,Household,"monthly, bills",Gas,Expense
500.00,2027-04-06T00:00:00.000Z,Household,"monthly, bills",Gas,Expense
500.00,2027-05-06T00:00:00.000Z,Household,"monthly, bills",Gas,Expense
500.00,2027-06-06T00:00:00.000Z,Household,"monthly, bills",Gas,Expense
500.00,2027-07-06T00:00:00.000Z,Household,"monthly, bills",Gas,Expense
500.00,2027-08-06T00:00:00.000Z,Household,"monthly, bills",Gas,Expense
500.00,2027-09-06T00:00:00.000Z,Household,"monthly, bills",Gas,Expense
500.00,2027-10-06T00:00:00.000Z,Household,"monthly, bills",Gas,Expense
500.00,2027-11-06T00:00:00.000Z,Household,"monthly, bills",Gas,Expense
500.00,2027-12-06T00:00:00.000Z,Household,"monthly, bills",Gas,Expense
500.00,2025-06-06T00:00:00.000Z,Household,"monthly, bills",Water Bill,Expense
500.00,2025-07-06T00:00:00.000Z,Household,"monthly, bills",Water Bill,Expense
500.00,2025-08-06T00:00:00.000Z,Household,"monthly, bills",Water Bill,Expense
500.00,2025-09-06T00:00:00.000Z,Household,"monthly, bills",Water Bill,Expense
500.00,2025-10-06T00:00:00.000Z,Household,"monthly, bills",Water Bill,Expense
500.00,2025-11-06T00:00:00.000Z,Household,"monthly, bills",Water Bill,Expense
500.00,2025-12-06T00:00:00.000Z,Household,"monthly, bills",Water Bill,Expense
500.00,2026-01-06T00:00:00.000Z,Household,"monthly, bills",Water Bill,Expense
500.00,2026-02-06T00:00:00.000Z,Household,"monthly, bills",Water Bill,Expense
500.00,2026-03-06T00:00:00.000Z,Household,"monthly, bills",Water Bill,Expense
500.00,2026-04-06T00:00:00.000Z,Household,"monthly, bills",Water Bill,Expense
500.00,2026-05-06T00:00:00.000Z,Household,"monthly, bills",Water Bill,Expense
500.00,2026-06-06T00:00:00.000Z,Household,"monthly, bills",Water Bill,Expense
500.00,2026-07-06T00:00:00.000Z,Household,"monthly, bills",Water Bill,Expense
500.00,2026-08-06T00:00:00.000Z,Household,"monthly, bills",Water Bill,Expense
500.00,2026-09-06T00:00:00.000Z,Household,"monthly, bills",Water Bill,Expense
500.00,2026-10-06T00:00:00.000Z,Household,"monthly, bills",Water Bill,Expense
500.00,2026-11-06T00:00:00.000Z,Household,"monthly, bills",Water Bill,Expense
500.00,2026-12-06T00:00:00.000Z,Household,"monthly, bills",Water Bill,Expense
500.00,2027-01-06T00:00:00.000Z,Household,"monthly, bills",Water Bill,Expense
500.00,2027-02-06T00:00:00.000Z,Household,"monthly, bills",Water Bill,Expense
500.00,2027-03-06T00:00:00.000Z,Household,"monthly, bills",Water Bill,Expense
500.00,2027-04-06T00:00:00.000Z,Household,"monthly, bills",Water Bill,Expense
500.00,2027-05-06T00:00:00.000Z,Household,"monthly, bills",Water Bill,Expense
500.00,2027-06-06T00:00:00.000Z,Household,"monthly, bills",Water Bill,Expense
500.00,2027-07-06T00:00:00.000Z,Household,"monthly, bills",Water Bill,Expense
500.00,2027-08-06T00:00:00.000Z,Household,"monthly, bills",Water Bill,Expense
500.00,2027-09-06T00:00:00.000Z,Household,"monthly, bills",Water Bill,Expense
500.00,2027-10-06T00:00:00.000Z,Household,"monthly, bills",Water Bill,Expense
500.00,2027-11-06T00:00:00.000Z,Household,"monthly, bills",Water Bill,Expense
500.00,2027-12-06T00:00:00.000Z,Household,"monthly, bills",Water Bill,Expense
1000.00,2025-06-01T00:00:00.000Z,Health,"monthly, luxury",Spa Day 1,Expense
1000.00,2025-07-06T00:00:00.000Z,Health,"monthly, luxury",Spa Day 1,Expense
1000.00,2025-08-03T00:00:00.000Z,Health,"monthly, luxury",Spa Day 1,Expense
1000.00,2025-09-07T00:00:00.000Z,Health,"monthly, luxury",Spa Day 1,Expense
1000.00,2025-10-05T00:00:00.000Z,Health,"monthly, luxury",Spa Day 1,Expense
1000.00,2025-11-02T00:00:00.000Z,Health,"monthly, luxury",Spa Day 1,Expense
1000.00,2025-12-07T00:00:00.000Z,Health,"monthly, luxury",Spa Day 1,Expense
1000.00,2026-01-04T00:00:00.000Z,Health,"monthly, luxury",Spa Day 1,Expense
1000.00,2026-02-01T00:00:00.000Z,Health,"monthly, luxury",Spa Day 1,Expense
1000.00,2026-03-01T00:00:00.000Z,Health,"monthly, luxury",Spa Day 1,Expense
1000.00,2026-04-05T00:00:00.000Z,Health,"monthly, luxury",Spa Day 1,Expense
1000.00,2026-05-03T00:00:00.000Z,Health,"monthly, luxury",Spa Day 1,Expense
1000.00,2026-06-07T00:00:00.000Z,Health,"monthly, luxury",Spa Day 1,Expense
1000.00,2026-07-05T00:00:00.000Z,Health,"monthly, luxury",Spa Day 1,Expense
1000.00,2026-08-02T00:00:00.000Z,Health,"monthly, luxury",Spa Day 1,Expense
1000.00,2026-09-06T00:00:00.000Z,Health,"monthly, luxury",Spa Day 1,Expense
1000.00,2026-10-04T00:00:00.000Z,Health,"monthly, luxury",Spa Day 1,Expense
1000.00,2026-11-01T00:00:00.000Z,Health,"monthly, luxury",Spa Day 1,Expense
1000.00,2026-12-06T00:00:00.000Z,Health,"monthly, luxury",Spa Day 1,Expense
1000.00,2027-01-03T00:00:00.000Z,Health,"monthly, luxury",Spa Day 1,Expense
1000.00,2027-02-07T00:00:00.000Z,Health,"monthly, luxury",Spa Day 1,Expense
1000.00,2027-03-07T00:00:00.000Z,Health,"monthly, luxury",Spa Day 1,Expense
1000.00,2027-04-04T00:00:00.000Z,Health,"monthly, luxury",Spa Day 1,Expense
1000.00,2027-05-02T00:00:00.000Z,Health,"monthly, luxury",Spa Day 1,Expense
1000.00,2027-06-06T00:00:00.000Z,Health,"monthly, luxury",Spa Day 1,Expense
1000.00,2027-07-04T00:00:00.000Z,Health,"monthly, luxury",Spa Day 1,Expense
1000.00,2027-08-01T00:00:00.000Z,Health,"monthly, luxury",Spa Day 1,Expense
1000.00,2027-09-05T00:00:00.000Z,Health,"monthly, luxury",Spa Day 1,Expense
1000.00,2027-10-03T00:00:00.000Z,Health,"monthly, luxury",Spa Day 1,Expense
1000.00,2027-11-07T00:00:00.000Z,Health,"monthly, luxury",Spa Day 1,Expense
1000.00,2027-12-05T00:00:00.000Z,Health,"monthly, luxury",Spa Day 1,Expense
1000.00,2025-06-15T00:00:00.000Z,Health,"monthly, luxury",Spa Day 2,Expense
1000.00,2025-07-20T00:00:00.000Z,Health,"monthly, luxury",Spa Day 2,Expense
1000.00,2025-08-17T00:00:00.000Z,Health,"monthly, luxury",Spa Day 2,Expense
1000.00,2025-09-21T00:00:00.000Z,Health,"monthly, luxury",Spa Day 2,Expense
1000.00,2025-10-19T00:00:00.000Z,Health,"monthly, luxury",Spa Day 2,Expense
1000.00,2025-11-16T00:00:00.000Z,Health,"monthly, luxury",Spa Day 2,Expense
1000.00,2025-12-21T00:00:00.000Z,Health,"monthly, luxury",Spa Day 2,Expense
1000.00,2026-01-18T00:00:00.000Z,Health,"monthly, luxury",Spa Day 2,Expense
1000.00,2026-02-15T00:00:00.000Z,Health,"monthly, luxury",Spa Day 2,Expense
1000.00,2026-03-15T00:00:00.000Z,Health,"monthly, luxury",Spa Day 2,Expense
1000.00,2026-04-19T00:00:00.000Z,Health,"monthly, luxury",Spa Day 2,Expense
1000.00,2026-05-17T00:00:00.000Z,Health,"monthly, luxury",Spa Day 2,Expense
1000.00,2026-06-21T00:00:00.000Z,Health,"monthly, luxury",Spa Day 2,Expense
1000.00,2026-07-19T00:00:00.000Z,Health,"monthly, luxury",Spa Day 2,Expense
1000.00,2026-08-16T00:00:00.000Z,Health,"monthly, luxury",Spa Day 2,Expense
1000.00,2026-09-20T00:00:00.000Z,Health,"monthly, luxury",Spa Day 2,Expense
1000.00,2026-10-18T00:00:00.000Z,Health,"monthly, luxury",Spa Day 2,Expense
1000.00,2026-11-15T00:00:00.000Z,Health,"monthly, luxury",Spa Day 2,Expense
1000.00,2026-12-20T00:00:00.000Z,Health,"monthly, luxury",Spa Day 2,Expense
1000.00,2027-01-17T00:00:00.000Z,Health,"monthly, luxury",Spa Day 2,Expense
1000.00,2027-02-21T00:00:00.000Z,Health,"monthly, luxury",Spa Day 2,Expense
1000.00,2027-03-21T00:00:00.000Z,Health,"monthly, luxury",Spa Day 2,Expense
1000.00,2027-04-18T00:00:00.000Z,Health,"monthly, luxury",Spa Day 2,Expense
1000.00,2027-05-16T00:00:00.000Z,Health,"monthly, luxury",Spa Day 2,Expense
1000.00,2027-06-20T00:00:00.000Z,Health,"monthly, luxury",Spa Day 2,Expense
1000.00,2027-07-18T00:00:00.000Z,Health,"monthly, luxury",Spa Day 2,Expense
1000.00,2027-08-15T00:00:00.000Z,Health,"monthly, luxury",Spa Day 2,Expense
1000.00,2027-09-19T00:00:00.000Z,Health,"monthly, luxury",Spa Day 2,Expense
1000.00,2027-10-17T00:00:00.000Z,Health,"monthly, luxury",Spa Day 2,Expense
1000.00,2027-11-21T00:00:00.000Z,Health,"monthly, luxury",Spa Day 2,Expense
1000.00,2027-12-19T00:00:00.000Z,Health,"monthly, luxury",Spa Day 2,Expense
1000.00,2025-06-07T00:00:00.000Z,Household,"monthly, luxury",Sleeping pills,Expense
1000.00,2025-07-05T00:00:00.000Z,Household,"monthly, luxury",Sleeping pills,Expense
1000.00,2025-08-02T00:00:00.000Z,Household,"monthly, luxury",Sleeping pills,Expense
1000.00,2025-09-06T00:00:00.000Z,Household,"monthly, luxury",Sleeping pills,Expense
1000.00,2025-10-04T00:00:00.000Z,Household,"monthly, luxury",Sleeping pills,Expense
1000.00,2025-11-01T00:00:00.000Z,Household,"monthly, luxury",Sleeping pills,Expense
1000.00,2025-12-06T00:00:00.000Z,Household,"monthly, luxury",Sleeping pills,Expense
1000.00,2026-01-03T00:00:00.000Z,Household,"monthly, luxury",Sleeping pills,Expense
1000.00,2026-02-07T00:00:00.000Z,Household,"monthly, luxury",Sleeping pills,Expense
1000.00,2026-03-07T00:00:00.000Z,Household,"monthly, luxury",Sleeping pills,Expense
1000.00,2026-04-04T00:00:00.000Z,Household,"monthly, luxury",Sleeping pills,Expense
1000.00,2026-05-02T00:00:00.000Z,Household,"monthly, luxury",Sleeping pills,Expense
1000.00,2026-06-06T00:00:00.000Z,Household,"monthly, luxury",Sleeping pills,Expense
1000.00,2026-07-04T00:00:00.000Z,Household,"monthly, luxury",Sleeping pills,Expense
1000.00,2026-08-01T00:00:00.000Z,Household,"monthly, luxury",Sleeping pills,Expense
1000.00,2026-09-05T00:00:00.000Z,Household,"monthly, luxury",Sleeping pills,Expense
1000.00,2026-10-03T00:00:00.000Z,Household,"monthly, luxury",Sleeping pills,Expense
1000.00,2026-11-07T00:00:00.000Z,Household,"monthly, luxury",Sleeping pills,Expense
1000.00,2026-12-05T00:00:00.000Z,Household,"monthly, luxury",Sleeping pills,Expense
1000.00,2027-01-02T00:00:00.000Z,Household,"monthly, luxury",Sleeping pills,Expense
1000.00,2027-02-06T00:00:00.000Z,Household,"monthly, luxury",Sleeping pills,Expense
1000.00,2027-03-06T00:00:00.000Z,Household,"monthly, luxury",Sleeping pills,Expense
1000.00,2027-04-03T00:00:00.000Z,Household,"monthly, luxury",Sleeping pills,Expense
1000.00,2027-05-01T00:00:00.000Z,Household,"monthly, luxury",Sleeping pills,Expense
1000.00,2027-06-05T00:00:00.000Z,Household,"monthly, luxury",Sleeping pills,Expense
1000.00,2027-07-03T00:00:00.000Z,Household,"monthly, luxury",Sleeping pills,Expense
1000.00,2027-08-07T00:00:00.000Z,Household,"monthly, luxury",Sleeping pills,Expense
1000.00,2027-09-04T00:00:00.000Z,Household,"monthly, luxury",Sleeping pills,Expense
1000.00,2027-10-02T00:00:00.000Z,Household,"monthly, luxury",Sleeping pills,Expense
1000.00,2027-11-06T00:00:00.000Z,Household,"monthly, luxury",Sleeping pills,Expense
1000.00,2027-12-04T00:00:00.000Z,Household,"monthly, luxury",Sleeping pills,Expense
2500.00,2025-06-06T00:00:00.000Z,Pets,"monthly, pets",Pet Monthly,Expense
2500.00,2025-07-06T00:00:00.000Z,Pets,"monthly, pets",Pet Monthly,Expense
2500.00,2025-08-06T00:00:00.000Z,Pets,"monthly, pets",Pet Monthly,Expense
2500.00,2025-09-06T00:00:00.000Z,Pets,"monthly, pets",Pet Monthly,Expense
2500.00,2025-10-06T00:00:00.000Z,Pets,"monthly, pets",Pet Monthly,Expense
2500.00,2025-11-06T00:00:00.000Z,Pets,"monthly, pets",Pet Monthly,Expense
2500.00,2025-12-06T00:00:00.000Z,Pets,"monthly, pets",Pet Monthly,Expense
2500.00,2026-01-06T00:00:00.000Z,Pets,"monthly, pets",Pet Monthly,Expense
2500.00,2026-02-06T00:00:00.000Z,Pets,"monthly, pets",Pet Monthly,Expense
2500.00,2026-03-06T00:00:00.000Z,Pets,"monthly, pets",Pet Monthly,Expense
2500.00,2026-04-06T00:00:00.000Z,Pets,"monthly, pets",Pet Monthly,Expense
2500.00,2026-05-06T00:00:00.000Z,Pets,"monthly, pets",Pet Monthly,Expense
2500.00,2026-06-06T00:00:00.000Z,Pets,"monthly, pets",Pet Monthly,Expense
2500.00,2026-07-06T00:00:00.000Z,Pets,"monthly, pets",Pet Monthly,Expense
2500.00,2026-08-06T00:00:00.000Z,Pets,"monthly, pets",Pet Monthly,Expense
2500.00,2026-09-06T00:00:00.000Z,Pets,"monthly, pets",Pet Monthly,Expense
2500.00,2026-10-06T00:00:00.000Z,Pets,"monthly, pets",Pet Monthly,Expense
2500.00,2026-11-06T00:00:00.000Z,Pets,"monthly, pets",Pet Monthly,Expense
2500.00,2026-12-06T00:00:00.000Z,Pets,"monthly, pets",Pet Monthly,Expense
2500.00,2027-01-06T00:00:00.000Z,Pets,"monthly, pets",Pet Monthly,Expense
2500.00,2027-02-06T00:00:00.000Z,Pets,"monthly, pets",Pet Monthly,Expense
2500.00,2027-03-06T00:00:00.000Z,Pets,"monthly, pets",Pet Monthly,Expense
2500.00,2027-04-06T00:00:00.000Z,Pets,"monthly, pets",Pet Monthly,Expense
2500.00,2027-05-06T00:00:00.000Z,Pets,"monthly, pets",Pet Monthly,Expense
2500.00,2027-06-06T00:00:00.000Z,Pets,"monthly, pets",Pet Monthly,Expense
2500.00,2027-07-06T00:00:00.000Z,Pets,"monthly, pets",Pet Monthly,Expense
2500.00,2027-08-06T00:00:00.000Z,Pets,"monthly, pets",Pet Monthly,Expense
2500.00,2027-09-06T00:00:00.000Z,Pets,"monthly, pets",Pet Monthly,Expense
2500.00,2027-10-06T00:00:00.000Z,Pets,"monthly, pets",Pet Monthly,Expense
2500.00,2027-11-06T00:00:00.000Z,Pets,"monthly, pets",Pet Monthly,Expense
2500.00,2027-12-06T00:00:00.000Z,Pets,"monthly, pets",Pet Monthly,Expense
1250.00,2025-06-06T00:00:00.000Z,Pets,"monthly, pets",Groom pets,Expense
1250.00,2025-07-06T00:00:00.000Z,Pets,"monthly, pets",Groom pets,Expense
1250.00,2025-08-06T00:00:00.000Z,Pets,"monthly, pets",Groom pets,Expense
1250.00,2025-09-06T00:00:00.000Z,Pets,"monthly, pets",Groom pets,Expense
1250.00,2025-10-06T00:00:00.000Z,Pets,"monthly, pets",Groom pets,Expense
1250.00,2025-11-06T00:00:00.000Z,Pets,"monthly, pets",Groom pets,Expense
1250.00,2025-12-06T00:00:00.000Z,Pets,"monthly, pets",Groom pets,Expense
1250.00,2026-01-06T00:00:00.000Z,Pets,"monthly, pets",Groom pets,Expense
1250.00,2026-02-06T00:00:00.000Z,Pets,"monthly, pets",Groom pets,Expense
1250.00,2026-03-06T00:00:00.000Z,Pets,"monthly, pets",Groom pets,Expense
1250.00,2026-04-06T00:00:00.000Z,Pets,"monthly, pets",Groom pets,Expense
1250.00,2026-05-06T00:00:00.000Z,Pets,"monthly, pets",Groom pets,Expense
1250.00,2026-06-06T00:00:00.000Z,Pets,"monthly, pets",Groom pets,Expense
1250.00,2026-07-06T00:00:00.000Z,Pets,"monthly, pets",Groom pets,Expense
1250.00,2026-08-06T00:00:00.000Z,Pets,"monthly, pets",Groom pets,Expense
1250.00,2026-09-06T00:00:00.000Z,Pets,"monthly, pets",Groom pets,Expense
1250.00,2026-10-06T00:00:00.000Z,Pets,"monthly, pets",Groom pets,Expense
1250.00,2026-11-06T00:00:00.000Z,Pets,"monthly, pets",Groom pets,Expense
1250.00,2026-12-06T00:00:00.000Z,Pets,"monthly, pets",Groom pets,Expense
1250.00,2027-01-06T00:00:00.000Z,Pets,"monthly, pets",Groom pets,Expense
1250.00,2027-02-06T00:00:00.000Z,Pets,"monthly, pets",Groom pets,Expense
1250.00,2027-03-06T00:00:00.000Z,Pets,"monthly, pets",Groom pets,Expense
1250.00,2027-04-06T00:00:00.000Z,Pets,"monthly, pets",Groom pets,Expense
1250.00,2027-05-06T00:00:00.000Z,Pets,"monthly, pets",Groom pets,Expense
1250.00,2027-06-06T00:00:00.000Z,Pets,"monthly, pets",Groom pets,Expense
1250.00,2027-07-06T00:00:00.000Z,Pets,"monthly, pets",Groom pets,Expense
1250.00,2027-08-06T00:00:00.000Z,Pets,"monthly, pets",Groom pets,Expense
1250.00,2027-09-06T00:00:00.000Z,Pets,"monthly, pets",Groom pets,Expense
1250.00,2027-10-06T00:00:00.000Z,Pets,"monthly, pets",Groom pets,Expense
1250.00,2027-11-06T00:00:00.000Z,Pets,"monthly, pets",Groom pets,Expense
1250.00,2027-12-06T00:00:00.000Z,Pets,"monthly, pets",Groom pets,Expense
55000.00,2025-06-05T00:00:00.000Z,Scale Up Salary,salary,Kr Scale Up,Income
55000.00,2025-07-05T00:00:00.000Z,Scale Up Salary,salary,Kr Scale Up,Income
55000.00,2025-08-05T00:00:00.000Z,Scale Up Salary,salary,Kr Scale Up,Income
55000.00,2025-09-05T00:00:00.000Z,Scale Up Salary,salary,Kr Scale Up,Income
55000.00,2025-10-05T00:00:00.000Z,Scale Up Salary,salary,Kr Scale Up,Income
55000.00,2025-11-05T00:00:00.000Z,Scale Up Salary,salary,Kr Scale Up,Income
55000.00,2025-12-05T00:00:00.000Z,Scale Up Salary,salary,Kr Scale Up,Income
55000.00,2026-01-05T00:00:00.000Z,Scale Up Salary,salary,Kr Scale Up,Income
55000.00,2026-02-05T00:00:00.000Z,Scale Up Salary,salary,Kr Scale Up,Income
55000.00,2026-03-05T00:00:00.000Z,Scale Up Salary,salary,Kr Scale Up,Income
55000.00,2026-04-05T00:00:00.000Z,Scale Up Salary,salary,Kr Scale Up,Income
55000.00,2026-05-05T00:00:00.000Z,Scale Up Salary,salary,Kr Scale Up,Income
55000.00,2026-06-05T00:00:00.000Z,Scale Up Salary,salary,Kr Scale Up,Income
55000.00,2026-07-05T00:00:00.000Z,Scale Up Salary,salary,Kr Scale Up,Income
55000.00,2026-08-05T00:00:00.000Z,Scale Up Salary,salary,Kr Scale Up,Income
55000.00,2026-09-05T00:00:00.000Z,Scale Up Salary,salary,Kr Scale Up,Income
55000.00,2026-10-05T00:00:00.000Z,Scale Up Salary,salary,Kr Scale Up,Income
55000.00,2026-11-05T00:00:00.000Z,Scale Up Salary,salary,Kr Scale Up,Income
55000.00,2026-12-05T00:00:00.000Z,Scale Up Salary,salary,Kr Scale Up,Income
55000.00,2027-01-05T00:00:00.000Z,Scale Up Salary,salary,Kr Scale Up,Income
55000.00,2027-02-05T00:00:00.000Z,Scale Up Salary,salary,Kr Scale Up,Income
55000.00,2027-03-05T00:00:00.000Z,Scale Up Salary,salary,Kr Scale Up,Income
55000.00,2027-04-05T00:00:00.000Z,Scale Up Salary,salary,Kr Scale Up,Income
55000.00,2027-05-05T00:00:00.000Z,Scale Up Salary,salary,Kr Scale Up,Income
55000.00,2027-06-05T00:00:00.000Z,Scale Up Salary,salary,Kr Scale Up,Income
55000.00,2027-07-05T00:00:00.000Z,Scale Up Salary,salary,Kr Scale Up,Income
55000.00,2027-08-05T00:00:00.000Z,Scale Up Salary,salary,Kr Scale Up,Income
55000.00,2027-09-05T00:00:00.000Z,Scale Up Salary,salary,Kr Scale Up,Income
55000.00,2027-10-05T00:00:00.000Z,Scale Up Salary,salary,Kr Scale Up,Income
55000.00,2027-11-05T00:00:00.000Z,Scale Up Salary,salary,Kr Scale Up,Income
55000.00,2027-12-05T00:00:00.000Z,Scale Up Salary,salary,Kr Scale Up,Income
1000.00,2025-06-07T00:00:00.000Z,Household,weekly,Grocery,Expense
1000.00,2025-06-14T00:00:00.000Z,Household,weekly,Grocery,Expense
1000.00,2025-06-21T00:00:00.000Z,Household,weekly,Grocery,Expense
1000.00,2025-06-28T00:00:00.000Z,Household,weekly,Grocery,Expense
1000.00,2025-07-05T00:00:00.000Z,Household,weekly,Grocery,Expense
1000.00,2025-07-12T00:00:00.000Z,Household,weekly,Grocery,Expense
1000.00,2025-07-19T00:00:00.000Z,Household,weekly,Grocery,Expense
1000.00,2025-07-26T00:00:00.000Z,Household,weekly,Grocery,Expense
1000.00,2025-08-02T00:00:00.000Z,Household,weekly,Grocery,Expense
1000.00,2025-08-09T00:00:00.000Z,Household,weekly,Grocery,Expense
1000.00,2025-08-16T00:00:00.000Z,Household,weekly,Grocery,Expense
1000.00,2025-08-23T00:00:00.000Z,Household,weekly,Grocery,Expense
1000.00,2025-08-30T00:00:00.000Z,Household,weekly,Grocery,Expense
1000.00,2025-09-06T00:00:00.000Z,Household,weekly,Grocery,Expense
1000.00,2025-09-13T00:00:00.000Z,Household,weekly,Grocery,Expense
1000.00,2025-09-20T00:00:00.000Z,Household,weekly,Grocery,Expense
1000.00,2025-09-27T00:00:00.000Z,Household,weekly,Grocery,Expense
1000.00,2025-10-04T00:00:00.000Z,Household,weekly,Grocery,Expense
1000.00,2025-10-11T00:00:00.000Z,Household,weekly,Grocery,Expense
1000.00,2025-10-18T00:00:00.000Z,Household,weekly,Grocery,Expense
1000.00,2025-10-25T00:00:00.000Z,Household,weekly,Grocery,Expense
1000.00,2025-11-01T00:00:00.000Z,Household,weekly,Grocery,Expense
1000.00,2025-11-08T00:00:00.000Z,Household,weekly,Grocery,Expense
1000.00,2025-11-15T00:00:00.000Z,Household,weekly,Grocery,Expense
1000.00,2025-11-22T00:00:00.000Z,Household,weekly,Grocery,Expense
1000.00,2025-11-29T00:00:00.000Z,Household,weekly,Grocery,Expense
1000.00,2025-12-06T00:00:00.000Z,Household,weekly,Grocery,Expense
1000.00,2025-12-13T00:00:00.000Z,Household,weekly,Grocery,Expense
1000.00,2025-12-20T00:00:00.000Z,Household,weekly,Grocery,Expense
1000.00,2025-12-27T00:00:00.000Z,Household,weekly,Grocery,Expense
1000.00,2026-01-03T00:00:00.000Z,Household,weekly,Grocery,Expense
1000.00,2026-01-10T00:00:00.000Z,Household,weekly,Grocery,Expense
1000.00,2026-01-17T00:00:00.000Z,Household,weekly,Grocery,Expense
1000.00,2026-01-24T00:00:00.000Z,Household,weekly,Grocery,Expense
1000.00,2026-01-31T00:00:00.000Z,Household,weekly,Grocery,Expense
1000.00,2026-02-07T00:00:00.000Z,Household,weekly,Grocery,Expense
1000.00,2026-02-14T00:00:00.000Z,Household,weekly,Grocery,Expense
1000.00,2026-02-21T00:00:00.000Z,Household,weekly,Grocery,Expense
1000.00,2026-02-28T00:00:00.000Z,Household,weekly,Grocery,Expense
1000.00,2026-03-07T00:00:00.000Z,Household,weekly,Grocery,Expense
1000.00,2026-03-14T00:00:00.000Z,Household,weekly,Grocery,Expense
1000.00,2026-03-21T00:00:00.000Z,Household,weekly,Grocery,Expense
1000.00,2026-03-28T00:00:00.000Z,Household,weekly,Grocery,Expense
1000.00,2026-04-04T00:00:00.000Z,Household,weekly,Grocery,Expense
1000.00,2026-04-11T00:00:00.000Z,Household,weekly,Grocery,Expense
1000.00,2026-04-18T00:00:00.000Z,Household,weekly,Grocery,Expense
1000.00,2026-04-25T00:00:00.000Z,Household,weekly,Grocery,Expense
1000.00,2026-05-02T00:00:00.000Z,Household,weekly,Grocery,Expense
1000.00,2026-05-09T00:00:00.000Z,Household,weekly,Grocery,Expense
1000.00,2026-05-16T00:00:00.000Z,Household,weekly,Grocery,Expense
1000.00,2026-05-23T00:00:00.000Z,Household,weekly,Grocery,Expense
1000.00,2026-05-30T00:00:00.000Z,Household,weekly,Grocery,Expense
1000.00,2026-06-06T00:00:00.000Z,Household,weekly,Grocery,Expense
1000.00,2026-06-13T00:00:00.000Z,Household,weekly,Grocery,Expense
1000.00,2026-06-20T00:00:00.000Z,Household,weekly,Grocery,Expense
1000.00,2026-06-27T00:00:00.000Z,Household,weekly,Grocery,Expense
1000.00,2026-07-04T00:00:00.000Z,Household,weekly,Grocery,Expense
1000.00,2026-07-11T00:00:00.000Z,Household,weekly,Grocery,Expense
1000.00,2026-07-18T00:00:00.000Z,Household,weekly,Grocery,Expense
1000.00,2026-07-25T00:00:00.000Z,Household,weekly,Grocery,Expense
1000.00,2026-08-01T00:00:00.000Z,Household,weekly,Grocery,Expense
1000.00,2026-08-08T00:00:00.000Z,Household,weekly,Grocery,Expense
1000.00,2026-08-15T00:00:00.000Z,Household,weekly,Grocery,Expense
1000.00,2026-08-22T00:00:00.000Z,Household,weekly,Grocery,Expense
1000.00,2026-08-29T00:00:00.000Z,Household,weekly,Grocery,Expense
1000.00,2026-09-05T00:00:00.000Z,Household,weekly,Grocery,Expense
1000.00,2026-09-12T00:00:00.000Z,Household,weekly,Grocery,Expense
1000.00,2026-09-19T00:00:00.000Z,Household,weekly,Grocery,Expense
1000.00,2026-09-26T00:00:00.000Z,Household,weekly,Grocery,Expense
1000.00,2026-10-03T00:00:00.000Z,Household,weekly,Grocery,Expense
1000.00,2026-10-10T00:00:00.000Z,Household,weekly,Grocery,Expense
1000.00,2026-10-17T00:00:00.000Z,Household,weekly,Grocery,Expense
1000.00,2026-10-24T00:00:00.000Z,Household,weekly,Grocery,Expense
1000.00,2026-10-31T00:00:00.000Z,Household,weekly,Grocery,Expense
1000.00,2026-11-07T00:00:00.000Z,Household,weekly,Grocery,Expense
1000.00,2026-11-14T00:00:00.000Z,Household,weekly,Grocery,Expense
1000.00,2026-11-21T00:00:00.000Z,Household,weekly,Grocery,Expense
1000.00,2026-11-28T00:00:00.000Z,Household,weekly,Grocery,Expense
1000.00,2026-12-05T00:00:00.000Z,Household,weekly,Grocery,Expense
1000.00,2026-12-12T00:00:00.000Z,Household,weekly,Grocery,Expense
1000.00,2026-12-19T00:00:00.000Z,Household,weekly,Grocery,Expense
1000.00,2026-12-26T00:00:00.000Z,Household,weekly,Grocery,Expense
1000.00,2027-01-02T00:00:00.000Z,Household,weekly,Grocery,Expense
1000.00,2027-01-09T00:00:00.000Z,Household,weekly,Grocery,Expense
1000.00,2027-01-16T00:00:00.000Z,Household,weekly,Grocery,Expense
1000.00,2027-01-23T00:00:00.000Z,Household,weekly,Grocery,Expense
1000.00,2027-01-30T00:00:00.000Z,Household,weekly,Grocery,Expense
1000.00,2027-02-06T00:00:00.000Z,Household,weekly,Grocery,Expense
1000.00,2027-02-13T00:00:00.000Z,Household,weekly,Grocery,Expense
1000.00,2027-02-20T00:00:00.000Z,Household,weekly,Grocery,Expense
1000.00,2027-02-27T00:00:00.000Z,Household,weekly,Grocery,Expense
1000.00,2027-03-06T00:00:00.000Z,Household,weekly,Grocery,Expense
1000.00,2027-03-13T00:00:00.000Z,Household,weekly,Grocery,Expense
1000.00,2027-03-20T00:00:00.000Z,Household,weekly,Grocery,Expense
1000.00,2027-03-27T00:00:00.000Z,Household,weekly,Grocery,Expense
1000.00,2027-04-03T00:00:00.000Z,Household,weekly,Grocery,Expense
1000.00,2027-04-10T00:00:00.000Z,Household,weekly,Grocery,Expense
1000.00,2027-04-17T00:00:00.000Z,Household,weekly,Grocery,Expense
1000.00,2027-04-24T00:00:00.000Z,Household,weekly,Grocery,Expense
1000.00,2027-05-01T00:00:00.000Z,Household,weekly,Grocery,Expense
1000.00,2027-05-08T00:00:00.000Z,Household,weekly,Grocery,Expense
1000.00,2027-05-15T00:00:00.000Z,Household,weekly,Grocery,Expense
1000.00,2027-05-22T00:00:00.000Z,Household,weekly,Grocery,Expense
1000.00,2027-05-29T00:00:00.000Z,Household,weekly,Grocery,Expense
1000.00,2027-06-05T00:00:00.000Z,Household,weekly,Grocery,Expense
1000.00,2027-06-12T00:00:00.000Z,Household,weekly,Grocery,Expense
1000.00,2027-06-19T00:00:00.000Z,Household,weekly,Grocery,Expense
1000.00,2027-06-26T00:00:00.000Z,Household,weekly,Grocery,Expense
1000.00,2027-07-03T00:00:00.000Z,Household,weekly,Grocery,Expense
1000.00,2027-07-10T00:00:00.000Z,Household,weekly,Grocery,Expense
1000.00,2027-07-17T00:00:00.000Z,Household,weekly,Grocery,Expense
1000.00,2027-07-24T00:00:00.000Z,Household,weekly,Grocery,Expense
1000.00,2027-07-31T00:00:00.000Z,Household,weekly,Grocery,Expense
1000.00,2027-08-07T00:00:00.000Z,Household,weekly,Grocery,Expense
1000.00,2027-08-14T00:00:00.000Z,Household,weekly,Grocery,Expense
1000.00,2027-08-21T00:00:00.000Z,Household,weekly,Grocery,Expense
1000.00,2027-08-28T00:00:00.000Z,Household,weekly,Grocery,Expense
1000.00,2027-09-04T00:00:00.000Z,Household,weekly,Grocery,Expense
1000.00,2027-09-11T00:00:00.000Z,Household,weekly,Grocery,Expense
1000.00,2027-09-18T00:00:00.000Z,Household,weekly,Grocery,Expense
1000.00,2027-09-25T00:00:00.000Z,Household,weekly,Grocery,Expense
1000.00,2027-10-02T00:00:00.000Z,Household,weekly,Grocery,Expense
1000.00,2027-10-09T00:00:00.000Z,Household,weekly,Grocery,Expense
1000.00,2027-10-16T00:00:00.000Z,Household,weekly,Grocery,Expense
1000.00,2027-10-23T00:00:00.000Z,Household,weekly,Grocery,Expense
1000.00,2027-10-30T00:00:00.000Z,Household,weekly,Grocery,Expense
1000.00,2027-11-06T00:00:00.000Z,Household,weekly,Grocery,Expense
1000.00,2027-11-13T00:00:00.000Z,Household,weekly,Grocery,Expense
1000.00,2027-11-20T00:00:00.000Z,Household,weekly,Grocery,Expense
1000.00,2027-11-27T00:00:00.000Z,Household,weekly,Grocery,Expense
1000.00,2027-12-04T00:00:00.000Z,Household,weekly,Grocery,Expense
1000.00,2027-12-11T00:00:00.000Z,Household,weekly,Grocery,Expense
1000.00,2027-12-18T00:00:00.000Z,Household,weekly,Grocery,Expense
1000.00,2027-12-25T00:00:00.000Z,Household,weekly,Grocery,Expense
250.00,2025-06-07T00:00:00.000Z,Pets,weekly,Lee,Expense
250.00,2025-06-14T00:00:00.000Z,Pets,weekly,Lee,Expense
250.00,2025-06-21T00:00:00.000Z,Pets,weekly,Lee,Expense
250.00,2025-06-28T00:00:00.000Z,Pets,weekly,Lee,Expense
250.00,2025-07-05T00:00:00.000Z,Pets,weekly,Lee,Expense
250.00,2025-07-12T00:00:00.000Z,Pets,weekly,Lee,Expense
250.00,2025-07-19T00:00:00.000Z,Pets,weekly,Lee,Expense
250.00,2025-07-26T00:00:00.000Z,Pets,weekly,Lee,Expense
250.00,2025-08-02T00:00:00.000Z,Pets,weekly,Lee,Expense
250.00,2025-08-09T00:00:00.000Z,Pets,weekly,Lee,Expense
250.00,2025-08-16T00:00:00.000Z,Pets,weekly,Lee,Expense
250.00,2025-08-23T00:00:00.000Z,Pets,weekly,Lee,Expense
250.00,2025-08-30T00:00:00.000Z,Pets,weekly,Lee,Expense
250.00,2025-09-06T00:00:00.000Z,Pets,weekly,Lee,Expense
250.00,2025-09-13T00:00:00.000Z,Pets,weekly,Lee,Expense
250.00,2025-09-20T00:00:00.000Z,Pets,weekly,Lee,Expense
250.00,2025-09-27T00:00:00.000Z,Pets,weekly,Lee,Expense
250.00,2025-10-04T00:00:00.000Z,Pets,weekly,Lee,Expense
250.00,2025-10-11T00:00:00.000Z,Pets,weekly,Lee,Expense
250.00,2025-10-18T00:00:00.000Z,Pets,weekly,Lee,Expense
250.00,2025-10-25T00:00:00.000Z,Pets,weekly,Lee,Expense
250.00,2025-11-01T00:00:00.000Z,Pets,weekly,Lee,Expense
250.00,2025-11-08T00:00:00.000Z,Pets,weekly,Lee,Expense
250.00,2025-11-15T00:00:00.000Z,Pets,weekly,Lee,Expense
250.00,2025-11-22T00:00:00.000Z,Pets,weekly,Lee,Expense
250.00,2025-11-29T00:00:00.000Z,Pets,weekly,Lee,Expense
250.00,2025-12-06T00:00:00.000Z,Pets,weekly,Lee,Expense
250.00,2025-12-13T00:00:00.000Z,Pets,weekly,Lee,Expense
250.00,2025-12-20T00:00:00.000Z,Pets,weekly,Lee,Expense
250.00,2025-12-27T00:00:00.000Z,Pets,weekly,Lee,Expense
250.00,2026-01-03T00:00:00.000Z,Pets,weekly,Lee,Expense
250.00,2026-01-10T00:00:00.000Z,Pets,weekly,Lee,Expense
250.00,2026-01-17T00:00:00.000Z,Pets,weekly,Lee,Expense
250.00,2026-01-24T00:00:00.000Z,Pets,weekly,Lee,Expense
250.00,2026-01-31T00:00:00.000Z,Pets,weekly,Lee,Expense
250.00,2026-02-07T00:00:00.000Z,Pets,weekly,Lee,Expense
250.00,2026-02-14T00:00:00.000Z,Pets,weekly,Lee,Expense
250.00,2026-02-21T00:00:00.000Z,Pets,weekly,Lee,Expense
250.00,2026-02-28T00:00:00.000Z,Pets,weekly,Lee,Expense
250.00,2026-03-07T00:00:00.000Z,Pets,weekly,Lee,Expense
250.00,2026-03-14T00:00:00.000Z,Pets,weekly,Lee,Expense
250.00,2026-03-21T00:00:00.000Z,Pets,weekly,Lee,Expense
250.00,2026-03-28T00:00:00.000Z,Pets,weekly,Lee,Expense
250.00,2026-04-04T00:00:00.000Z,Pets,weekly,Lee,Expense
250.00,2026-04-11T00:00:00.000Z,Pets,weekly,Lee,Expense
250.00,2026-04-18T00:00:00.000Z,Pets,weekly,Lee,Expense
250.00,2026-04-25T00:00:00.000Z,Pets,weekly,Lee,Expense
250.00,2026-05-02T00:00:00.000Z,Pets,weekly,Lee,Expense
250.00,2026-05-09T00:00:00.000Z,Pets,weekly,Lee,Expense
250.00,2026-05-16T00:00:00.000Z,Pets,weekly,Lee,Expense
250.00,2026-05-23T00:00:00.000Z,Pets,weekly,Lee,Expense
250.00,2026-05-30T00:00:00.000Z,Pets,weekly,Lee,Expense
250.00,2026-06-06T00:00:00.000Z,Pets,weekly,Lee,Expense
250.00,2026-06-13T00:00:00.000Z,Pets,weekly,Lee,Expense
250.00,2026-06-20T00:00:00.000Z,Pets,weekly,Lee,Expense
250.00,2026-06-27T00:00:00.000Z,Pets,weekly,Lee,Expense
250.00,2026-07-04T00:00:00.000Z,Pets,weekly,Lee,Expense
250.00,2026-07-11T00:00:00.000Z,Pets,weekly,Lee,Expense
250.00,2026-07-18T00:00:00.000Z,Pets,weekly,Lee,Expense
250.00,2026-07-25T00:00:00.000Z,Pets,weekly,Lee,Expense
250.00,2026-08-01T00:00:00.000Z,Pets,weekly,Lee,Expense
250.00,2026-08-08T00:00:00.000Z,Pets,weekly,Lee,Expense
250.00,2026-08-15T00:00:00.000Z,Pets,weekly,Lee,Expense
250.00,2026-08-22T00:00:00.000Z,Pets,weekly,Lee,Expense
250.00,2026-08-29T00:00:00.000Z,Pets,weekly,Lee,Expense
250.00,2026-09-05T00:00:00.000Z,Pets,weekly,Lee,Expense
250.00,2026-09-12T00:00:00.000Z,Pets,weekly,Lee,Expense
250.00,2026-09-19T00:00:00.000Z,Pets,weekly,Lee,Expense
250.00,2026-09-26T00:00:00.000Z,Pets,weekly,Lee,Expense
250.00,2026-10-03T00:00:00.000Z,Pets,weekly,Lee,Expense
250.00,2026-10-10T00:00:00.000Z,Pets,weekly,Lee,Expense
250.00,2026-10-17T00:00:00.000Z,Pets,weekly,Lee,Expense
250.00,2026-10-24T00:00:00.000Z,Pets,weekly,Lee,Expense
250.00,2026-10-31T00:00:00.000Z,Pets,weekly,Lee,Expense
250.00,2026-11-07T00:00:00.000Z,Pets,weekly,Lee,Expense
250.00,2026-11-14T00:00:00.000Z,Pets,weekly,Lee,Expense
250.00,2026-11-21T00:00:00.000Z,Pets,weekly,Lee,Expense
250.00,2026-11-28T00:00:00.000Z,Pets,weekly,Lee,Expense
250.00,2026-12-05T00:00:00.000Z,Pets,weekly,Lee,Expense
250.00,2026-12-12T00:00:00.000Z,Pets,weekly,Lee,Expense
250.00,2026-12-19T00:00:00.000Z,Pets,weekly,Lee,Expense
250.00,2026-12-26T00:00:00.000Z,Pets,weekly,Lee,Expense
250.00,2027-01-02T00:00:00.000Z,Pets,weekly,Lee,Expense
250.00,2027-01-09T00:00:00.000Z,Pets,weekly,Lee,Expense
250.00,2027-01-16T00:00:00.000Z,Pets,weekly,Lee,Expense
250.00,2027-01-23T00:00:00.000Z,Pets,weekly,Lee,Expense
250.00,2027-01-30T00:00:00.000Z,Pets,weekly,Lee,Expense
250.00,2027-02-06T00:00:00.000Z,Pets,weekly,Lee,Expense
250.00,2027-02-13T00:00:00.000Z,Pets,weekly,Lee,Expense
250.00,2027-02-20T00:00:00.000Z,Pets,weekly,Lee,Expense
250.00,2027-02-27T00:00:00.000Z,Pets,weekly,Lee,Expense
250.00,2027-03-06T00:00:00.000Z,Pets,weekly,Lee,Expense
250.00,2027-03-13T00:00:00.000Z,Pets,weekly,Lee,Expense
250.00,2027-03-20T00:00:00.000Z,Pets,weekly,Lee,Expense
250.00,2027-03-27T00:00:00.000Z,Pets,weekly,Lee,Expense
250.00,2027-04-03T00:00:00.000Z,Pets,weekly,Lee,Expense
250.00,2027-04-10T00:00:00.000Z,Pets,weekly,Lee,Expense
250.00,2027-04-17T00:00:00.000Z,Pets,weekly,Lee,Expense
250.00,2027-04-24T00:00:00.000Z,Pets,weekly,Lee,Expense
250.00,2027-05-01T00:00:00.000Z,Pets,weekly,Lee,Expense
250.00,2027-05-08T00:00:00.000Z,Pets,weekly,Lee,Expense
250.00,2027-05-15T00:00:00.000Z,Pets,weekly,Lee,Expense
250.00,2027-05-22T00:00:00.000Z,Pets,weekly,Lee,Expense
250.00,2027-05-29T00:00:00.000Z,Pets,weekly,Lee,Expense
250.00,2027-06-05T00:00:00.000Z,Pets,weekly,Lee,Expense
250.00,2027-06-12T00:00:00.000Z,Pets,weekly,Lee,Expense
250.00,2027-06-19T00:00:00.000Z,Pets,weekly,Lee,Expense
250.00,2027-06-26T00:00:00.000Z,Pets,weekly,Lee,Expense
250.00,2027-07-03T00:00:00.000Z,Pets,weekly,Lee,Expense
250.00,2027-07-10T00:00:00.000Z,Pets,weekly,Lee,Expense
250.00,2027-07-17T00:00:00.000Z,Pets,weekly,Lee,Expense
250.00,2027-07-24T00:00:00.000Z,Pets,weekly,Lee,Expense
250.00,2027-07-31T00:00:00.000Z,Pets,weekly,Lee,Expense
250.00,2027-08-07T00:00:00.000Z,Pets,weekly,Lee,Expense
250.00,2027-08-14T00:00:00.000Z,Pets,weekly,Lee,Expense
250.00,2027-08-21T00:00:00.000Z,Pets,weekly,Lee,Expense
250.00,2027-08-28T00:00:00.000Z,Pets,weekly,Lee,Expense
250.00,2027-09-04T00:00:00.000Z,Pets,weekly,Lee,Expense
250.00,2027-09-11T00:00:00.000Z,Pets,weekly,Lee,Expense
250.00,2027-09-18T00:00:00.000Z,Pets,weekly,Lee,Expense
250.00,2027-09-25T00:00:00.000Z,Pets,weekly,Lee,Expense
250.00,2027-10-02T00:00:00.000Z,Pets,weekly,Lee,Expense
250.00,2027-10-09T00:00:00.000Z,Pets,weekly,Lee,Expense
250.00,2027-10-16T00:00:00.000Z,Pets,weekly,Lee,Expense
250.00,2027-10-23T00:00:00.000Z,Pets,weekly,Lee,Expense
250.00,2027-10-30T00:00:00.000Z,Pets,weekly,Lee,Expense
250.00,2027-11-06T00:00:00.000Z,Pets,weekly,Lee,Expense
250.00,2027-11-13T00:00:00.000Z,Pets,weekly,Lee,Expense
250.00,2027-11-20T00:00:00.000Z,Pets,weekly,Lee,Expense
250.00,2027-11-27T00:00:00.000Z,Pets,weekly,Lee,Expense
250.00,2027-12-04T00:00:00.000Z,Pets,weekly,Lee,Expense
250.00,2027-12-11T00:00:00.000Z,Pets,weekly,Lee,Expense
250.00,2027-12-18T00:00:00.000Z,Pets,weekly,Lee,Expense
250.00,2027-12-25T00:00:00.000Z,Pets,weekly,Lee,Expense
200.00,2025-06-07T00:00:00.000Z,Household,weekly,Laundry,Expense
200.00,2025-06-14T00:00:00.000Z,Household,weekly,Laundry,Expense
200.00,2025-06-21T00:00:00.000Z,Household,weekly,Laundry,Expense
200.00,2025-06-28T00:00:00.000Z,Household,weekly,Laundry,Expense
200.00,2025-07-05T00:00:00.000Z,Household,weekly,Laundry,Expense
200.00,2025-07-12T00:00:00.000Z,Household,weekly,Laundry,Expense
200.00,2025-07-19T00:00:00.000Z,Household,weekly,Laundry,Expense
200.00,2025-07-26T00:00:00.000Z,Household,weekly,Laundry,Expense
200.00,2025-08-02T00:00:00.000Z,Household,weekly,Laundry,Expense
200.00,2025-08-09T00:00:00.000Z,Household,weekly,Laundry,Expense
200.00,2025-08-16T00:00:00.000Z,Household,weekly,Laundry,Expense
200.00,2025-08-23T00:00:00.000Z,Household,weekly,Laundry,Expense
200.00,2025-08-30T00:00:00.000Z,Household,weekly,Laundry,Expense
200.00,2025-09-06T00:00:00.000Z,Household,weekly,Laundry,Expense
200.00,2025-09-13T00:00:00.000Z,Household,weekly,Laundry,Expense
200.00,2025-09-20T00:00:00.000Z,Household,weekly,Laundry,Expense
200.00,2025-09-27T00:00:00.000Z,Household,weekly,Laundry,Expense
200.00,2025-10-04T00:00:00.000Z,Household,weekly,Laundry,Expense
200.00,2025-10-11T00:00:00.000Z,Household,weekly,Laundry,Expense
200.00,2025-10-18T00:00:00.000Z,Household,weekly,Laundry,Expense
200.00,2025-10-25T00:00:00.000Z,Household,weekly,Laundry,Expense
200.00,2025-11-01T00:00:00.000Z,Household,weekly,Laundry,Expense
200.00,2025-11-08T00:00:00.000Z,Household,weekly,Laundry,Expense
200.00,2025-11-15T00:00:00.000Z,Household,weekly,Laundry,Expense
200.00,2025-11-22T00:00:00.000Z,Household,weekly,Laundry,Expense
200.00,2025-11-29T00:00:00.000Z,Household,weekly,Laundry,Expense
200.00,2025-12-06T00:00:00.000Z,Household,weekly,Laundry,Expense
200.00,2025-12-13T00:00:00.000Z,Household,weekly,Laundry,Expense
200.00,2025-12-20T00:00:00.000Z,Household,weekly,Laundry,Expense
200.00,2025-12-27T00:00:00.000Z,Household,weekly,Laundry,Expense
200.00,2026-01-03T00:00:00.000Z,Household,weekly,Laundry,Expense
200.00,2026-01-10T00:00:00.000Z,Household,weekly,Laundry,Expense
200.00,2026-01-17T00:00:00.000Z,Household,weekly,Laundry,Expense
200.00,2026-01-24T00:00:00.000Z,Household,weekly,Laundry,Expense
200.00,2026-01-31T00:00:00.000Z,Household,weekly,Laundry,Expense
200.00,2026-02-07T00:00:00.000Z,Household,weekly,Laundry,Expense
200.00,2026-02-14T00:00:00.000Z,Household,weekly,Laundry,Expense
200.00,2026-02-21T00:00:00.000Z,Household,weekly,Laundry,Expense
200.00,2026-02-28T00:00:00.000Z,Household,weekly,Laundry,Expense
200.00,2026-03-07T00:00:00.000Z,Household,weekly,Laundry,Expense
200.00,2026-03-14T00:00:00.000Z,Household,weekly,Laundry,Expense
200.00,2026-03-21T00:00:00.000Z,Household,weekly,Laundry,Expense
200.00,2026-03-28T00:00:00.000Z,Household,weekly,Laundry,Expense
200.00,2026-04-04T00:00:00.000Z,Household,weekly,Laundry,Expense
200.00,2026-04-11T00:00:00.000Z,Household,weekly,Laundry,Expense
200.00,2026-04-18T00:00:00.000Z,Household,weekly,Laundry,Expense
200.00,2026-04-25T00:00:00.000Z,Household,weekly,Laundry,Expense
200.00,2026-05-02T00:00:00.000Z,Household,weekly,Laundry,Expense
200.00,2026-05-09T00:00:00.000Z,Household,weekly,Laundry,Expense
200.00,2026-05-16T00:00:00.000Z,Household,weekly,Laundry,Expense
200.00,2026-05-23T00:00:00.000Z,Household,weekly,Laundry,Expense
200.00,2026-05-30T00:00:00.000Z,Household,weekly,Laundry,Expense
200.00,2026-06-06T00:00:00.000Z,Household,weekly,Laundry,Expense
200.00,2026-06-13T00:00:00.000Z,Household,weekly,Laundry,Expense
200.00,2026-06-20T00:00:00.000Z,Household,weekly,Laundry,Expense
200.00,2026-06-27T00:00:00.000Z,Household,weekly,Laundry,Expense
200.00,2026-07-04T00:00:00.000Z,Household,weekly,Laundry,Expense
200.00,2026-07-11T00:00:00.000Z,Household,weekly,Laundry,Expense
200.00,2026-07-18T00:00:00.000Z,Household,weekly,Laundry,Expense
200.00,2026-07-25T00:00:00.000Z,Household,weekly,Laundry,Expense
200.00,2026-08-01T00:00:00.000Z,Household,weekly,Laundry,Expense
200.00,2026-08-08T00:00:00.000Z,Household,weekly,Laundry,Expense
200.00,2026-08-15T00:00:00.000Z,Household,weekly,Laundry,Expense
200.00,2026-08-22T00:00:00.000Z,Household,weekly,Laundry,Expense
200.00,2026-08-29T00:00:00.000Z,Household,weekly,Laundry,Expense
200.00,2026-09-05T00:00:00.000Z,Household,weekly,Laundry,Expense
200.00,2026-09-12T00:00:00.000Z,Household,weekly,Laundry,Expense
200.00,2026-09-19T00:00:00.000Z,Household,weekly,Laundry,Expense
200.00,2026-09-26T00:00:00.000Z,Household,weekly,Laundry,Expense
200.00,2026-10-03T00:00:00.000Z,Household,weekly,Laundry,Expense
200.00,2026-10-10T00:00:00.000Z,Household,weekly,Laundry,Expense
200.00,2026-10-17T00:00:00.000Z,Household,weekly,Laundry,Expense
200.00,2026-10-24T00:00:00.000Z,Household,weekly,Laundry,Expense
200.00,2026-10-31T00:00:00.000Z,Household,weekly,Laundry,Expense
200.00,2026-11-07T00:00:00.000Z,Household,weekly,Laundry,Expense
200.00,2026-11-14T00:00:00.000Z,Household,weekly,Laundry,Expense
200.00,2026-11-21T00:00:00.000Z,Household,weekly,Laundry,Expense
200.00,2026-11-28T00:00:00.000Z,Household,weekly,Laundry,Expense
200.00,2026-12-05T00:00:00.000Z,Household,weekly,Laundry,Expense
200.00,2026-12-12T00:00:00.000Z,Household,weekly,Laundry,Expense
200.00,2026-12-19T00:00:00.000Z,Household,weekly,Laundry,Expense
200.00,2026-12-26T00:00:00.000Z,Household,weekly,Laundry,Expense
200.00,2027-01-02T00:00:00.000Z,Household,weekly,Laundry,Expense
200.00,2027-01-09T00:00:00.000Z,Household,weekly,Laundry,Expense
200.00,2027-01-16T00:00:00.000Z,Household,weekly,Laundry,Expense
200.00,2027-01-23T00:00:00.000Z,Household,weekly,Laundry,Expense
200.00,2027-01-30T00:00:00.000Z,Household,weekly,Laundry,Expense
200.00,2027-02-06T00:00:00.000Z,Household,weekly,Laundry,Expense
200.00,2027-02-13T00:00:00.000Z,Household,weekly,Laundry,Expense
200.00,2027-02-20T00:00:00.000Z,Household,weekly,Laundry,Expense
200.00,2027-02-27T00:00:00.000Z,Household,weekly,Laundry,Expense
200.00,2027-03-06T00:00:00.000Z,Household,weekly,Laundry,Expense
200.00,2027-03-13T00:00:00.000Z,Household,weekly,Laundry,Expense
200.00,2027-03-20T00:00:00.000Z,Household,weekly,Laundry,Expense
200.00,2027-03-27T00:00:00.000Z,Household,weekly,Laundry,Expense
200.00,2027-04-03T00:00:00.000Z,Household,weekly,Laundry,Expense
200.00,2027-04-10T00:00:00.000Z,Household,weekly,Laundry,Expense
200.00,2027-04-17T00:00:00.000Z,Household,weekly,Laundry,Expense
200.00,2027-04-24T00:00:00.000Z,Household,weekly,Laundry,Expense
200.00,2027-05-01T00:00:00.000Z,Household,weekly,Laundry,Expense
200.00,2027-05-08T00:00:00.000Z,Household,weekly,Laundry,Expense
200.00,2027-05-15T00:00:00.000Z,Household,weekly,Laundry,Expense
200.00,2027-05-22T00:00:00.000Z,Household,weekly,Laundry,Expense
200.00,2027-05-29T00:00:00.000Z,Household,weekly,Laundry,Expense
200.00,2027-06-05T00:00:00.000Z,Household,weekly,Laundry,Expense
200.00,2027-06-12T00:00:00.000Z,Household,weekly,Laundry,Expense
200.00,2027-06-19T00:00:00.000Z,Household,weekly,Laundry,Expense
200.00,2027-06-26T00:00:00.000Z,Household,weekly,Laundry,Expense
200.00,2027-07-03T00:00:00.000Z,Household,weekly,Laundry,Expense
200.00,2027-07-10T00:00:00.000Z,Household,weekly,Laundry,Expense
200.00,2027-07-17T00:00:00.000Z,Household,weekly,Laundry,Expense
200.00,2027-07-24T00:00:00.000Z,Household,weekly,Laundry,Expense
200.00,2027-07-31T00:00:00.000Z,Household,weekly,Laundry,Expense
200.00,2027-08-07T00:00:00.000Z,Household,weekly,Laundry,Expense
200.00,2027-08-14T00:00:00.000Z,Household,weekly,Laundry,Expense
200.00,2027-08-21T00:00:00.000Z,Household,weekly,Laundry,Expense
200.00,2027-08-28T00:00:00.000Z,Household,weekly,Laundry,Expense
200.00,2027-09-04T00:00:00.000Z,Household,weekly,Laundry,Expense
200.00,2027-09-11T00:00:00.000Z,Household,weekly,Laundry,Expense
200.00,2027-09-18T00:00:00.000Z,Household,weekly,Laundry,Expense
200.00,2027-09-25T00:00:00.000Z,Household,weekly,Laundry,Expense
200.00,2027-10-02T00:00:00.000Z,Household,weekly,Laundry,Expense
200.00,2027-10-09T00:00:00.000Z,Household,weekly,Laundry,Expense
200.00,2027-10-16T00:00:00.000Z,Household,weekly,Laundry,Expense
200.00,2027-10-23T00:00:00.000Z,Household,weekly,Laundry,Expense
200.00,2027-10-30T00:00:00.000Z,Household,weekly,Laundry,Expense
200.00,2027-11-06T00:00:00.000Z,Household,weekly,Laundry,Expense
200.00,2027-11-13T00:00:00.000Z,Household,weekly,Laundry,Expense
200.00,2027-11-20T00:00:00.000Z,Household,weekly,Laundry,Expense
200.00,2027-11-27T00:00:00.000Z,Household,weekly,Laundry,Expense
200.00,2027-12-04T00:00:00.000Z,Household,weekly,Laundry,Expense
200.00,2027-12-11T00:00:00.000Z,Household,weekly,Laundry,Expense
200.00,2027-12-18T00:00:00.000Z,Household,weekly,Laundry,Expense
200.00,2027-12-25T00:00:00.000Z,Household,weekly,Laundry,Expense
100.00,2025-06-07T00:00:00.000Z,Household,weekly,Transportation,Expense
100.00,2025-06-14T00:00:00.000Z,Household,weekly,Transportation,Expense
100.00,2025-06-21T00:00:00.000Z,Household,weekly,Transportation,Expense
100.00,2025-06-28T00:00:00.000Z,Household,weekly,Transportation,Expense
100.00,2025-07-05T00:00:00.000Z,Household,weekly,Transportation,Expense
100.00,2025-07-12T00:00:00.000Z,Household,weekly,Transportation,Expense
100.00,2025-07-19T00:00:00.000Z,Household,weekly,Transportation,Expense
100.00,2025-07-26T00:00:00.000Z,Household,weekly,Transportation,Expense
100.00,2025-08-02T00:00:00.000Z,Household,weekly,Transportation,Expense
100.00,2025-08-09T00:00:00.000Z,Household,weekly,Transportation,Expense
100.00,2025-08-16T00:00:00.000Z,Household,weekly,Transportation,Expense
100.00,2025-08-23T00:00:00.000Z,Household,weekly,Transportation,Expense
100.00,2025-08-30T00:00:00.000Z,Household,weekly,Transportation,Expense
100.00,2025-09-06T00:00:00.000Z,Household,weekly,Transportation,Expense
100.00,2025-09-13T00:00:00.000Z,Household,weekly,Transportation,Expense
100.00,2025-09-20T00:00:00.000Z,Household,weekly,Transportation,Expense
100.00,2025-09-27T00:00:00.000Z,Household,weekly,Transportation,Expense
100.00,2025-10-04T00:00:00.000Z,Household,weekly,Transportation,Expense
100.00,2025-10-11T00:00:00.000Z,Household,weekly,Transportation,Expense
100.00,2025-10-18T00:00:00.000Z,Household,weekly,Transportation,Expense
100.00,2025-10-25T00:00:00.000Z,Household,weekly,Transportation,Expense
100.00,2025-11-01T00:00:00.000Z,Household,weekly,Transportation,Expense
100.00,2025-11-08T00:00:00.000Z,Household,weekly,Transportation,Expense
100.00,2025-11-15T00:00:00.000Z,Household,weekly,Transportation,Expense
100.00,2025-11-22T00:00:00.000Z,Household,weekly,Transportation,Expense
100.00,2025-11-29T00:00:00.000Z,Household,weekly,Transportation,Expense
100.00,2025-12-06T00:00:00.000Z,Household,weekly,Transportation,Expense
100.00,2025-12-13T00:00:00.000Z,Household,weekly,Transportation,Expense
100.00,2025-12-20T00:00:00.000Z,Household,weekly,Transportation,Expense
100.00,2025-12-27T00:00:00.000Z,Household,weekly,Transportation,Expense
100.00,2026-01-03T00:00:00.000Z,Household,weekly,Transportation,Expense
100.00,2026-01-10T00:00:00.000Z,Household,weekly,Transportation,Expense
100.00,2026-01-17T00:00:00.000Z,Household,weekly,Transportation,Expense
100.00,2026-01-24T00:00:00.000Z,Household,weekly,Transportation,Expense
100.00,2026-01-31T00:00:00.000Z,Household,weekly,Transportation,Expense
100.00,2026-02-07T00:00:00.000Z,Household,weekly,Transportation,Expense
100.00,2026-02-14T00:00:00.000Z,Household,weekly,Transportation,Expense
100.00,2026-02-21T00:00:00.000Z,Household,weekly,Transportation,Expense
100.00,2026-02-28T00:00:00.000Z,Household,weekly,Transportation,Expense
100.00,2026-03-07T00:00:00.000Z,Household,weekly,Transportation,Expense
100.00,2026-03-14T00:00:00.000Z,Household,weekly,Transportation,Expense
100.00,2026-03-21T00:00:00.000Z,Household,weekly,Transportation,Expense
100.00,2026-03-28T00:00:00.000Z,Household,weekly,Transportation,Expense
100.00,2026-04-04T00:00:00.000Z,Household,weekly,Transportation,Expense
100.00,2026-04-11T00:00:00.000Z,Household,weekly,Transportation,Expense
100.00,2026-04-18T00:00:00.000Z,Household,weekly,Transportation,Expense
100.00,2026-04-25T00:00:00.000Z,Household,weekly,Transportation,Expense
100.00,2026-05-02T00:00:00.000Z,Household,weekly,Transportation,Expense
100.00,2026-05-09T00:00:00.000Z,Household,weekly,Transportation,Expense
100.00,2026-05-16T00:00:00.000Z,Household,weekly,Transportation,Expense
100.00,2026-05-23T00:00:00.000Z,Household,weekly,Transportation,Expense
100.00,2026-05-30T00:00:00.000Z,Household,weekly,Transportation,Expense
100.00,2026-06-06T00:00:00.000Z,Household,weekly,Transportation,Expense
100.00,2026-06-13T00:00:00.000Z,Household,weekly,Transportation,Expense
100.00,2026-06-20T00:00:00.000Z,Household,weekly,Transportation,Expense
100.00,2026-06-27T00:00:00.000Z,Household,weekly,Transportation,Expense
100.00,2026-07-04T00:00:00.000Z,Household,weekly,Transportation,Expense
100.00,2026-07-11T00:00:00.000Z,Household,weekly,Transportation,Expense
100.00,2026-07-18T00:00:00.000Z,Household,weekly,Transportation,Expense
100.00,2026-07-25T00:00:00.000Z,Household,weekly,Transportation,Expense
100.00,2026-08-01T00:00:00.000Z,Household,weekly,Transportation,Expense
100.00,2026-08-08T00:00:00.000Z,Household,weekly,Transportation,Expense
100.00,2026-08-15T00:00:00.000Z,Household,weekly,Transportation,Expense
100.00,2026-08-22T00:00:00.000Z,Household,weekly,Transportation,Expense
100.00,2026-08-29T00:00:00.000Z,Household,weekly,Transportation,Expense
100.00,2026-09-05T00:00:00.000Z,Household,weekly,Transportation,Expense
100.00,2026-09-12T00:00:00.000Z,Household,weekly,Transportation,Expense
100.00,2026-09-19T00:00:00.000Z,Household,weekly,Transportation,Expense
100.00,2026-09-26T00:00:00.000Z,Household,weekly,Transportation,Expense
100.00,2026-10-03T00:00:00.000Z,Household,weekly,Transportation,Expense
100.00,2026-10-10T00:00:00.000Z,Household,weekly,Transportation,Expense
100.00,2026-10-17T00:00:00.000Z,Household,weekly,Transportation,Expense
100.00,2026-10-24T00:00:00.000Z,Household,weekly,Transportation,Expense
100.00,2026-10-31T00:00:00.000Z,Household,weekly,Transportation,Expense
100.00,2026-11-07T00:00:00.000Z,Household,weekly,Transportation,Expense
100.00,2026-11-14T00:00:00.000Z,Household,weekly,Transportation,Expense
100.00,2026-11-21T00:00:00.000Z,Household,weekly,Transportation,Expense
100.00,2026-11-28T00:00:00.000Z,Household,weekly,Transportation,Expense
100.00,2026-12-05T00:00:00.000Z,Household,weekly,Transportation,Expense
100.00,2026-12-12T00:00:00.000Z,Household,weekly,Transportation,Expense
100.00,2026-12-19T00:00:00.000Z,Household,weekly,Transportation,Expense
100.00,2026-12-26T00:00:00.000Z,Household,weekly,Transportation,Expense
100.00,2027-01-02T00:00:00.000Z,Household,weekly,Transportation,Expense
100.00,2027-01-09T00:00:00.000Z,Household,weekly,Transportation,Expense
100.00,2027-01-16T00:00:00.000Z,Household,weekly,Transportation,Expense
100.00,2027-01-23T00:00:00.000Z,Household,weekly,Transportation,Expense
100.00,2027-01-30T00:00:00.000Z,Household,weekly,Transportation,Expense
100.00,2027-02-06T00:00:00.000Z,Household,weekly,Transportation,Expense
100.00,2027-02-13T00:00:00.000Z,Household,weekly,Transportation,Expense
100.00,2027-02-20T00:00:00.000Z,Household,weekly,Transportation,Expense
100.00,2027-02-27T00:00:00.000Z,Household,weekly,Transportation,Expense
100.00,2027-03-06T00:00:00.000Z,Household,weekly,Transportation,Expense
100.00,2027-03-13T00:00:00.000Z,Household,weekly,Transportation,Expense
100.00,2027-03-20T00:00:00.000Z,Household,weekly,Transportation,Expense
100.00,2027-03-27T00:00:00.000Z,Household,weekly,Transportation,Expense
100.00,2027-04-03T00:00:00.000Z,Household,weekly,Transportation,Expense
100.00,2027-04-10T00:00:00.000Z,Household,weekly,Transportation,Expense
100.00,2027-04-17T00:00:00.000Z,Household,weekly,Transportation,Expense
100.00,2027-04-24T00:00:00.000Z,Household,weekly,Transportation,Expense
100.00,2027-05-01T00:00:00.000Z,Household,weekly,Transportation,Expense
100.00,2027-05-08T00:00:00.000Z,Household,weekly,Transportation,Expense
100.00,2027-05-15T00:00:00.000Z,Household,weekly,Transportation,Expense
100.00,2027-05-22T00:00:00.000Z,Household,weekly,Transportation,Expense
100.00,2027-05-29T00:00:00.000Z,Household,weekly,Transportation,Expense
100.00,2027-06-05T00:00:00.000Z,Household,weekly,Transportation,Expense
100.00,2027-06-12T00:00:00.000Z,Household,weekly,Transportation,Expense
100.00,2027-06-19T00:00:00.000Z,Household,weekly,Transportation,Expense
100.00,2027-06-26T00:00:00.000Z,Household,weekly,Transportation,Expense
100.00,2027-07-03T00:00:00.000Z,Household,weekly,Transportation,Expense
100.00,2027-07-10T00:00:00.000Z,Household,weekly,Transportation,Expense
100.00,2027-07-17T00:00:00.000Z,Household,weekly,Transportation,Expense
100.00,2027-07-24T00:00:00.000Z,Household,weekly,Transportation,Expense
100.00,2027-07-31T00:00:00.000Z,Household,weekly,Transportation,Expense
100.00,2027-08-07T00:00:00.000Z,Household,weekly,Transportation,Expense
100.00,2027-08-14T00:00:00.000Z,Household,weekly,Transportation,Expense
100.00,2027-08-21T00:00:00.000Z,Household,weekly,Transportation,Expense
100.00,2027-08-28T00:00:00.000Z,Household,weekly,Transportation,Expense
100.00,2027-09-04T00:00:00.000Z,Household,weekly,Transportation,Expense
100.00,2027-09-11T00:00:00.000Z,Household,weekly,Transportation,Expense
100.00,2027-09-18T00:00:00.000Z,Household,weekly,Transportation,Expense
100.00,2027-09-25T00:00:00.000Z,Household,weekly,Transportation,Expense
100.00,2027-10-02T00:00:00.000Z,Household,weekly,Transportation,Expense
100.00,2027-10-09T00:00:00.000Z,Household,weekly,Transportation,Expense
100.00,2027-10-16T00:00:00.000Z,Household,weekly,Transportation,Expense
100.00,2027-10-23T00:00:00.000Z,Household,weekly,Transportation,Expense
100.00,2027-10-30T00:00:00.000Z,Household,weekly,Transportation,Expense
100.00,2027-11-06T00:00:00.000Z,Household,weekly,Transportation,Expense
100.00,2027-11-13T00:00:00.000Z,Household,weekly,Transportation,Expense
100.00,2027-11-20T00:00:00.000Z,Household,weekly,Transportation,Expense
100.00,2027-11-27T00:00:00.000Z,Household,weekly,Transportation,Expense
100.00,2027-12-04T00:00:00.000Z,Household,weekly,Transportation,Expense
100.00,2027-12-11T00:00:00.000Z,Household,weekly,Transportation,Expense
100.00,2027-12-18T00:00:00.000Z,Household,weekly,Transportation,Expense
100.00,2027-12-25T00:00:00.000Z,Household,weekly,Transportation,Expense
50.00,2025-06-07T00:00:00.000Z,Household,weekly,Drinking Water,Expense
50.00,2025-06-14T00:00:00.000Z,Household,weekly,Drinking Water,Expense
50.00,2025-06-21T00:00:00.000Z,Household,weekly,Drinking Water,Expense
50.00,2025-06-28T00:00:00.000Z,Household,weekly,Drinking Water,Expense
50.00,2025-07-05T00:00:00.000Z,Household,weekly,Drinking Water,Expense
50.00,2025-07-12T00:00:00.000Z,Household,weekly,Drinking Water,Expense
50.00,2025-07-19T00:00:00.000Z,Household,weekly,Drinking Water,Expense
50.00,2025-07-26T00:00:00.000Z,Household,weekly,Drinking Water,Expense
50.00,2025-08-02T00:00:00.000Z,Household,weekly,Drinking Water,Expense
50.00,2025-08-09T00:00:00.000Z,Household,weekly,Drinking Water,Expense
50.00,2025-08-16T00:00:00.000Z,Household,weekly,Drinking Water,Expense
50.00,2025-08-23T00:00:00.000Z,Household,weekly,Drinking Water,Expense
50.00,2025-08-30T00:00:00.000Z,Household,weekly,Drinking Water,Expense
50.00,2025-09-06T00:00:00.000Z,Household,weekly,Drinking Water,Expense
50.00,2025-09-13T00:00:00.000Z,Household,weekly,Drinking Water,Expense
50.00,2025-09-20T00:00:00.000Z,Household,weekly,Drinking Water,Expense
50.00,2025-09-27T00:00:00.000Z,Household,weekly,Drinking Water,Expense
50.00,2025-10-04T00:00:00.000Z,Household,weekly,Drinking Water,Expense
50.00,2025-10-11T00:00:00.000Z,Household,weekly,Drinking Water,Expense
50.00,2025-10-18T00:00:00.000Z,Household,weekly,Drinking Water,Expense
50.00,2025-10-25T00:00:00.000Z,Household,weekly,Drinking Water,Expense
50.00,2025-11-01T00:00:00.000Z,Household,weekly,Drinking Water,Expense
50.00,2025-11-08T00:00:00.000Z,Household,weekly,Drinking Water,Expense
50.00,2025-11-15T00:00:00.000Z,Household,weekly,Drinking Water,Expense
50.00,2025-11-22T00:00:00.000Z,Household,weekly,Drinking Water,Expense
50.00,2025-11-29T00:00:00.000Z,Household,weekly,Drinking Water,Expense
50.00,2025-12-06T00:00:00.000Z,Household,weekly,Drinking Water,Expense
50.00,2025-12-13T00:00:00.000Z,Household,weekly,Drinking Water,Expense
50.00,2025-12-20T00:00:00.000Z,Household,weekly,Drinking Water,Expense
50.00,2025-12-27T00:00:00.000Z,Household,weekly,Drinking Water,Expense
50.00,2026-01-03T00:00:00.000Z,Household,weekly,Drinking Water,Expense
50.00,2026-01-10T00:00:00.000Z,Household,weekly,Drinking Water,Expense
50.00,2026-01-17T00:00:00.000Z,Household,weekly,Drinking Water,Expense
50.00,2026-01-24T00:00:00.000Z,Household,weekly,Drinking Water,Expense
50.00,2026-01-31T00:00:00.000Z,Household,weekly,Drinking Water,Expense
50.00,2026-02-07T00:00:00.000Z,Household,weekly,Drinking Water,Expense
50.00,2026-02-14T00:00:00.000Z,Household,weekly,Drinking Water,Expense
50.00,2026-02-21T00:00:00.000Z,Household,weekly,Drinking Water,Expense
50.00,2026-02-28T00:00:00.000Z,Household,weekly,Drinking Water,Expense
50.00,2026-03-07T00:00:00.000Z,Household,weekly,Drinking Water,Expense
50.00,2026-03-14T00:00:00.000Z,Household,weekly,Drinking Water,Expense
50.00,2026-03-21T00:00:00.000Z,Household,weekly,Drinking Water,Expense
50.00,2026-03-28T00:00:00.000Z,Household,weekly,Drinking Water,Expense
50.00,2026-04-04T00:00:00.000Z,Household,weekly,Drinking Water,Expense
50.00,2026-04-11T00:00:00.000Z,Household,weekly,Drinking Water,Expense
50.00,2026-04-18T00:00:00.000Z,Household,weekly,Drinking Water,Expense
50.00,2026-04-25T00:00:00.000Z,Household,weekly,Drinking Water,Expense
50.00,2026-05-02T00:00:00.000Z,Household,weekly,Drinking Water,Expense
50.00,2026-05-09T00:00:00.000Z,Household,weekly,Drinking Water,Expense
50.00,2026-05-16T00:00:00.000Z,Household,weekly,Drinking Water,Expense
50.00,2026-05-23T00:00:00.000Z,Household,weekly,Drinking Water,Expense
50.00,2026-05-30T00:00:00.000Z,Household,weekly,Drinking Water,Expense
50.00,2026-06-06T00:00:00.000Z,Household,weekly,Drinking Water,Expense
50.00,2026-06-13T00:00:00.000Z,Household,weekly,Drinking Water,Expense
50.00,2026-06-20T00:00:00.000Z,Household,weekly,Drinking Water,Expense
50.00,2026-06-27T00:00:00.000Z,Household,weekly,Drinking Water,Expense
50.00,2026-07-04T00:00:00.000Z,Household,weekly,Drinking Water,Expense
50.00,2026-07-11T00:00:00.000Z,Household,weekly,Drinking Water,Expense
50.00,2026-07-18T00:00:00.000Z,Household,weekly,Drinking Water,Expense
50.00,2026-07-25T00:00:00.000Z,Household,weekly,Drinking Water,Expense
50.00,2026-08-01T00:00:00.000Z,Household,weekly,Drinking Water,Expense
50.00,2026-08-08T00:00:00.000Z,Household,weekly,Drinking Water,Expense
50.00,2026-08-15T00:00:00.000Z,Household,weekly,Drinking Water,Expense
50.00,2026-08-22T00:00:00.000Z,Household,weekly,Drinking Water,Expense
50.00,2026-08-29T00:00:00.000Z,Household,weekly,Drinking Water,Expense
50.00,2026-09-05T00:00:00.000Z,Household,weekly,Drinking Water,Expense
50.00,2026-09-12T00:00:00.000Z,Household,weekly,Drinking Water,Expense
50.00,2026-09-19T00:00:00.000Z,Household,weekly,Drinking Water,Expense
50.00,2026-09-26T00:00:00.000Z,Household,weekly,Drinking Water,Expense
50.00,2026-10-03T00:00:00.000Z,Household,weekly,Drinking Water,Expense
50.00,2026-10-10T00:00:00.000Z,Household,weekly,Drinking Water,Expense
50.00,2026-10-17T00:00:00.000Z,Household,weekly,Drinking Water,Expense
50.00,2026-10-24T00:00:00.000Z,Household,weekly,Drinking Water,Expense
50.00,2026-10-31T00:00:00.000Z,Household,weekly,Drinking Water,Expense
50.00,2026-11-07T00:00:00.000Z,Household,weekly,Drinking Water,Expense
50.00,2026-11-14T00:00:00.000Z,Household,weekly,Drinking Water,Expense
50.00,2026-11-21T00:00:00.000Z,Household,weekly,Drinking Water,Expense
50.00,2026-11-28T00:00:00.000Z,Household,weekly,Drinking Water,Expense
50.00,2026-12-05T00:00:00.000Z,Household,weekly,Drinking Water,Expense
50.00,2026-12-12T00:00:00.000Z,Household,weekly,Drinking Water,Expense
50.00,2026-12-19T00:00:00.000Z,Household,weekly,Drinking Water,Expense
50.00,2026-12-26T00:00:00.000Z,Household,weekly,Drinking Water,Expense
50.00,2027-01-02T00:00:00.000Z,Household,weekly,Drinking Water,Expense
50.00,2027-01-09T00:00:00.000Z,Household,weekly,Drinking Water,Expense
50.00,2027-01-16T00:00:00.000Z,Household,weekly,Drinking Water,Expense
50.00,2027-01-23T00:00:00.000Z,Household,weekly,Drinking Water,Expense
50.00,2027-01-30T00:00:00.000Z,Household,weekly,Drinking Water,Expense
50.00,2027-02-06T00:00:00.000Z,Household,weekly,Drinking Water,Expense
50.00,2027-02-13T00:00:00.000Z,Household,weekly,Drinking Water,Expense
50.00,2027-02-20T00:00:00.000Z,Household,weekly,Drinking Water,Expense
50.00,2027-02-27T00:00:00.000Z,Household,weekly,Drinking Water,Expense
50.00,2027-03-06T00:00:00.000Z,Household,weekly,Drinking Water,Expense
50.00,2027-03-13T00:00:00.000Z,Household,weekly,Drinking Water,Expense
50.00,2027-03-20T00:00:00.000Z,Household,weekly,Drinking Water,Expense
50.00,2027-03-27T00:00:00.000Z,Household,weekly,Drinking Water,Expense
50.00,2027-04-03T00:00:00.000Z,Household,weekly,Drinking Water,Expense
50.00,2027-04-10T00:00:00.000Z,Household,weekly,Drinking Water,Expense
50.00,2027-04-17T00:00:00.000Z,Household,weekly,Drinking Water,Expense
50.00,2027-04-24T00:00:00.000Z,Household,weekly,Drinking Water,Expense
50.00,2027-05-01T00:00:00.000Z,Household,weekly,Drinking Water,Expense
50.00,2027-05-08T00:00:00.000Z,Household,weekly,Drinking Water,Expense
50.00,2027-05-15T00:00:00.000Z,Household,weekly,Drinking Water,Expense
50.00,2027-05-22T00:00:00.000Z,Household,weekly,Drinking Water,Expense
50.00,2027-05-29T00:00:00.000Z,Household,weekly,Drinking Water,Expense
50.00,2027-06-05T00:00:00.000Z,Household,weekly,Drinking Water,Expense
50.00,2027-06-12T00:00:00.000Z,Household,weekly,Drinking Water,Expense
50.00,2027-06-19T00:00:00.000Z,Household,weekly,Drinking Water,Expense
50.00,2027-06-26T00:00:00.000Z,Household,weekly,Drinking Water,Expense
50.00,2027-07-03T00:00:00.000Z,Household,weekly,Drinking Water,Expense
50.00,2027-07-10T00:00:00.000Z,Household,weekly,Drinking Water,Expense
50.00,2027-07-17T00:00:00.000Z,Household,weekly,Drinking Water,Expense
50.00,2027-07-24T00:00:00.000Z,Household,weekly,Drinking Water,Expense
50.00,2027-07-31T00:00:00.000Z,Household,weekly,Drinking Water,Expense
50.00,2027-08-07T00:00:00.000Z,Household,weekly,Drinking Water,Expense
50.00,2027-08-14T00:00:00.000Z,Household,weekly,Drinking Water,Expense
50.00,2027-08-21T00:00:00.000Z,Household,weekly,Drinking Water,Expense
50.00,2027-08-28T00:00:00.000Z,Household,weekly,Drinking Water,Expense
50.00,2027-09-04T00:00:00.000Z,Household,weekly,Drinking Water,Expense
50.00,2027-09-11T00:00:00.000Z,Household,weekly,Drinking Water,Expense
50.00,2027-09-18T00:00:00.000Z,Household,weekly,Drinking Water,Expense
50.00,2027-09-25T00:00:00.000Z,Household,weekly,Drinking Water,Expense
50.00,2027-10-02T00:00:00.000Z,Household,weekly,Drinking Water,Expense
50.00,2027-10-09T00:00:00.000Z,Household,weekly,Drinking Water,Expense
50.00,2027-10-16T00:00:00.000Z,Household,weekly,Drinking Water,Expense
50.00,2027-10-23T00:00:00.000Z,Household,weekly,Drinking Water,Expense
50.00,2027-10-30T00:00:00.000Z,Household,weekly,Drinking Water,Expense
50.00,2027-11-06T00:00:00.000Z,Household,weekly,Drinking Water,Expense
50.00,2027-11-13T00:00:00.000Z,Household,weekly,Drinking Water,Expense
50.00,2027-11-20T00:00:00.000Z,Household,weekly,Drinking Water,Expense
50.00,2027-11-27T00:00:00.000Z,Household,weekly,Drinking Water,Expense
50.00,2027-12-04T00:00:00.000Z,Household,weekly,Drinking Water,Expense
50.00,2027-12-11T00:00:00.000Z,Household,weekly,Drinking Water,Expense
50.00,2027-12-18T00:00:00.000Z,Household,weekly,Drinking Water,Expense
50.00,2027-12-25T00:00:00.000Z,Household,weekly,Drinking Water,Expense
